,text_final,site_final
0,annotation callout appearance views use usage interactivity default,iOS
1,marker drag populates new location map create draggable coordinates a display,Mapbox GL JS
2,extrude fill property for indoor height 3d paint map create mapping polygon,Mapbox GL JS
3,js gl code using application need build a guide map walks store j mapbox locator,Help
4,street app view learn quickly map create simple a display,Android
5,much visible zoom level determines map,Help
6,navigation functionality advanced app ios add,iOS
7,after result set gl marker mark used point location style geocoder a,Mapbox GL JS
8,data known esri vector file also shapefile geographic storing format,Help
9,storyboards set navigation storyboard xcode,iOS
10,gl property layer data maps layout paint properties use two rendered and sub decides,Help
11,options set cameraoptions bearing zoom map pitch center and extend,Mapbox GL JS
12,navigation sdk internationalization and ios overview localization,iOS
13,load source using vector tile style use third custom third-party party,iOS
14,county layer data using depending zoom level choropleth update by state 2014 census population a display,Mapbox GL JS
15,data draw drawing style defines map specification appearance order describes visual,Mapbox GL JS
16,work marker with markers mapbox.js map custom interactive add in js,Help
17,rerouting navigation customize sdk app learn use detection route ios experience,iOS
18,api queries buildings tilequery within meters features 50 example click location single use request map make tileset search a 10,Android
19,associated directions direction show quickly item recyclerview route,Android
20,provided poi sample maps sdk placement overview unity scene,Unity
21,annotation view selection views animated custom,iOS
22,control known fine within layer filter also style gives grained macos ios predicate content,Help
23,api gl the control using element place attached geocoder map use search geocoding places input outside,Mapbox GL JS
24,layer within feature user allow style select a,iOS
25,tableau introduction analytics get extension geographic started,Geographic Analytics
26,snapshot static take even share app notification map use photo snapshotter others device,Android
27,draw parsing annotation file line polyline geojson add a from,iOS
28,desktop application tilemill maps designing,Help
29,latitude coordinate longitude combination,Help
30,official documentation within features maps feature place discover information android selected retrieve map sdk interest query querying,Android
31,draw coordinate turf ring use hollow calculate circle around eventually coordinates center,Android
32,the change labels downcase case expressions use label upcase of,Mapbox GL JS
33,api navigation sdk android map use custom ui matching route,Android
34,api symbollayer draw icon along directions line moving moves behind route,Android
35,gradient mapview effect show fog background add top,Android
36,fill property water zoom color level layers case depend dependent map make on,Android
37,local layer data vector zoom level tile choropleth geometries json update style by map styling driven a,Android
38,tap click location to map photo select add device,Android
39,mapillary symbollayer real data icon example markers via also integration manipulate time add showcased,Android
40,api gl google using maps to map guide convert walks web switch mapbox from js,Help
41,layer source show toggleable hide and add a,iOS
42,api dance connects 3d runtime environment ambient audio based map building rhythm styling sound web on creating animate buildings,Mapbox GL JS
43,layer source detailed shading hillshade raster slope dem add a,Mapbox Studio manual
44,marker with icon map use custom icons add,Mapbox GL JS
45,property data-driven data with color style circle visualization creating expression a,Mapbox GL JS
46,marker position location updating frame animate a,Mapbox GL JS
47,name place taking latitude address values process longitude geocoding converting,Help
48,api see space time real icon international update based location response on station,Android
49,code examples navigation sdk example ios,iOS
50,features collection dataset editable geojson,Help
51,online designing maps interface editor mapbox,Help
52,hosted with using style map custom a display,Mapbox GL JS
53,datasets work data using scratch new learn create geospatial,Help
54,draw filter geometry geometries file single geojson multiple,Android
55,camera set source external up use instead built an device,iOS
56,api gl image images static standalone based style map request generated allows,Help
57,image containing included style single icons sprite,Help
58,api delimited the sources source ids feature tilesets beta use learn line handle tileset create and geojson,Help
59,fill layer choropleth expressions style map use create add a,Mapbox Studio manual
60,window separate android map release use in picture maintain,Android
61,one far zoom docs provide bar certain features android another plugin scale read map various level display,Android
62,api published data recipes source recipe feature describe look beta tilesets behave tileset,Help
63,camera set source external up use instead built an device,Android
64,api road data openstreetmap take recorded network gps snap map tracker path allows matching traces,Help
65,source raster add dynamically imagery,iOS
66,clustered data maps sdk show android learn clustering map use,Android
67,name typing text filter icon by symbols symbol input,Mapbox GL JS
68,gl synchronize swipe maps between map use two compare,Mapbox GL JS
69,system pair position coordinate plane used latitude describe geographic longitude numbers and coordinates,Help
70,layer using source properties style line map create geojson add a,Android
71,project take next level tutorial get guide help step started find,Help
72,hotspots hotspot data visualize maps sdk point use create from,Android
73,the dynamically icon runtime missing generate to map and add a,Mapbox GL JS
74,official documentation api matrix sdk java,Android
75,api delete edit access token create tokens allows,Help
76,control heatmap styling coloring gain minute heatmaps,Android
77,vision ios navigation ar introduction,iOS
78,existing data change feature realtime update map updating in a,Mapbox GL JS
79,one layer source geometry polygon circle geojson add multiple from,Mapbox GL JS
80,fragment using within library android include app map support,Android
81,the pre change cartography maps sdk android style learn map team custom use styling talented made,Android
82,clustered images symbollayer view clustering use icons geojson,Android
83,specific choose function picker place plugin location use places world,Android
84,api the with using walk access permanent temporary token creating tokens,Help
85,learn work map offline maps,Help
86,gl marker dynamically icon samples or markers style ways custom tooltips interactive add overview js,Help
87,landsat satellite source everywhere imagery live latest landsat-live world,Help
88,basemap a style to map carto add mapbox,Help
89,ios sdk navigation introduction brief,iOS
90,api data uploads used maps transforms tilesets geographic applications,Help
91,high text preferred renderer provide labels priority staying visible variable map label positions chance anchor increase placement list,Android
92,kml google ’ file commonly products geospatial format,Help
93,vision navigation ar android introduction,Android
94,api images static works maps learn print map create and,Help
95,official documentation vision sdk android introduction overview,Android
96,adjust the zoom extent learn tilesets your tileset of manually,Help
97,api the tilequery with coordinate specified app use create tileset returns terrain elevation find,Help
98,show event map calendar locations integration,Android
99,marker property maps feature information click location map add query a display,Android
100,style styles map learn studio your made publish,Mapbox Studio manual
101,marker several annotation markers approach read map offers benefits and add ways,iOS
102,height 3d easily plugin use building in display,Android
103,camera symbollayer zoom-based change icon zoom level based icons switch,Android
104,optimized remove style-optimized vector represented features tile layers tiles style,Help
105,fontstacks optimal manage learn your rendering,Help
106,buildings provided iconic maps sdk example building overview unity scene,Unity
107,official documentation api sdk geocoder java geocoding,Android
108,official documentation api directions sdk direction java,Android
109,maps sdk android location device showing,Android
110,satellite project next works imagery learn use,Help
111,cases location based use overview game,Unity
112,fill button layer with change 's using setpaintproperty color a,Mapbox GL JS
113,official documentation maps china sdk android plugin inside read performance maximizes,Android
114,layer source vector tile map add a display,Android
115,share snapshot image send map,Android
116,overlap toggle text collide collision deny allow detection icons,Android
117,gl camera maps view map use field,Help
118,contains views embedded navigation view,Android
119,api associate access resources account token requests tokens uses,Help
120,collection draw point map points geojson,Mapbox GL JS
121,learn data traffic access file,Traffic Data
122,data real source uses update live time add,iOS
123,understand navigation listen user sdk android interaction ui,Android
124,property using identity function color style line visualization an,Android
125,securely how learn to use mapbox,Help
126,data using turf.js solve js analyze spatial and analysis turf add world context real with mapbox gl example problems guide map walks j,Help
127,gradient property visualize using paint point line distance create use an starting expression a,Mapbox GL JS
128,delimited api sources using source used feature new tilesets beta line create tileset geojson,Help
129,camera the position bearing zoom tilt map animate,Android
130,navigation functionality ios provides offline sdk environments connected non routing,iOS
131,collection source feature layers a style single create add shape multiple from,iOS
132,basic navigation application functionality app ios add,iOS
133,api add directions direction turn map routing,Help
134,documentation boundaries boundary v2 reference tileset mapbox,Vector tiles
135,understanding measure size ’ apk android app learn optimize,Help
136,for application build android integrate store a locator,Help
137,resources find help build,Help
138,api performs two reverse geocoding forward main tasks,Help
139,local data with join vector merging tile geometry choropleth json style geometries map,Android
140,coffee shops docs find place destinations easily android plugin favorite read nearby restaurants search stores places explore,Android
141,vector language graphics describing two dimensional scalable markup svg,Help
142,accounts browse information billing security overview,Help
143,movement camera animate animation,iOS
144,individual within layer source,Help
145,series showcase function multiple location to use jumpto locations of a jump,Mapbox GL JS
146,marker the with using ios maps place annotation sdk title a callout map an on add mark default,iOS
147,data using generate third custom party server route,iOS
148,marker using following along travels matched map speed geojson consistent route,Android
149,application works spatial turf learn use web analysis,Help
150,mapbox boundary boundaries extend tileset,Help
151,api curl upload using uploads learn to use mapbox,Help
152,systems lowest upon services apis objective c level service interfaces built web mapbox javascript,Help
153,data source simplestyle specification styling geojson open,Help
154,data-driven data for android styles based map create circle styling attribute,Help
155,data storing vector tile format lightweight points geospatial polygons lines,Help
156,learn reference studio interface,Mapbox Studio manual
157,work services ’ across directions direction learn platforms add applications,Help
158,api data tilequery specific allows vector features latitude based retrieve longitude tileset given,Help
159,data boundary with join boundaries v2 data-joins tileset mapbox,Help
160,displayed dynamically real change runtime style map styling time allows,Help
161,binding visualize using variable calculate density population expression display,Mapbox GL JS
162,bathymetry interpolate data curve cubic style depth ocean uses expression bezier,Mapbox GL JS
163,desktop toolkit data source spatial server access based map patterns mapnik algorithms mapping rendering providing open visualization,Help
164,professionally maps variety sdk style styles use designed ios default,iOS
165,area prevent restrict panning different place maxbounds to map an setting panned,Mapbox GL JS
166,adjust symbollayer text size color label fonts fields,Android
167,professionally maps variety sdk style styles use designed default,Android
168,articles navigation sdk troubleshooting help ios,iOS
169,system symbollayer icon interpolators android use animated icons movement animate,Android
170,quadtree data structure tree,Help
171,api gl documentation vector reference maps tiles styles render interactive js,Mapbox GL JS
172,atlas troubleshoot your installation,Atlas
173,local api the optional with using tutorial app parameters guides process search creating geocoding,Help
174,style classic map studio made,Help
175,popup add a display map,Mapbox GL JS
176,official documentation navigation faster faster-route sdk android read detection route,Android
177,boundaries boundary with v2 get tileset started mapbox,Help
178,api documents recipes recipe reference feature tile tilesets learn beta syntax correct transformation format,Help
179,below precise layer using second argument new label addlayer add a,Android
180,gl the set result improve relevance language to geocoder ui localize given a,Mapbox GL JS
181,work navigation instructions sdk maneuver learn instruction ios,iOS
182,mock engine navigation using session location,Android
183,provided maps sdk example map zoomable overview unity scene,Unity
184,high satellite basemap resolution imagery global mapbox,Help
185,change ’ language learn languages map label your s available,Help
186,marker property use continuously cluster js synchronize change objects custom svg clustered with pool advanced place view markers expressions updates clusters uses display manually gl layer source example html map clustering,Mapbox GL JS
187,data visualize circlelayer layers point use circle cluster clusters geojson,Android
188,toggles indoor floor map levels building switch display,Android
189,shift drag box within bounding using features feature queryrenderedfeatures hold map highlight key query a,Mapbox GL JS
190,api transform data recipes using tiling recipe feature example tilesets beta use learn custom,Help
191,general firewall configuration with troubleshooting tips working guidance behind,Help
192,tilesets manage studio learn create,Mapbox Studio manual
193,basic road navigation project blue-line ar blue view line device route,iOS
194,alignment provided world-scale maps ar sdk example scale manual overview unity world,Unity
195,position camera fit bounding box view markers given in,Android
196,gl visualize data change with changes application build show map over time j mapbox js,Help
197,maps annotation sdk location map ios defined,Help
198,shift high position text labels priority stay variable allow use label map anchor placement,Mapbox GL JS
199,location-based provided maps sdk example location based scene overview unity game,Unity
200,gl vector maps tiles library introduction styles render interactive webgl uses javascript js,Mapbox GL JS
201,learn traffic data formatted format,Traffic Data
202,accounts account service apis overview,API
203,vector features feature maps sdk map rendering overview unity,Unity
204,data real for source using reality maps sdk toolset location based map building augmented virtual open mapbox unity applications,Help
205,progress offline map track an download pack,iOS
206,experiment tools tool interactive,Help
207,data works detail hood extension flow visualization and,Geographic Analytics
208,examples example studio,Mapbox Studio manual
209,aligns raw gps map points match roads matching pathways,Android
210,official documentation navigation faster faster-route sdk android read detection route,Android
211,boundaries boundary with v2 get tileset started mapbox,Help
212,api documents recipes recipe reference feature tile tilesets learn beta syntax correct transformation format,Help
213,below precise layer using second argument new label addlayer add a,Android
214,gl the set result improve relevance language to geocoder ui localize given a,Mapbox GL JS
215,provided maps sdk example map zoomable overview unity scene,Unity
216,high satellite basemap resolution imagery global mapbox,Help
217,change ’ language learn languages map label your s available,Help
218,local api the optional with using tutorial app parameters guides process search creating geocoding,Help
219,popup add a display map,Mapbox GL JS
220,style classic map studio made,Help
221,shift drag box within bounding using features feature queryrenderedfeatures hold map highlight key query a,Mapbox GL JS
222,adjust layer satellite fade zoom level based raster opacity,Android
223,property using function categorically color style circle visualization categorical,Android
224,mock engine navigation using session location,Android
225,transition gl apps using mapbox.js to learn transitioning j mapbox from js,Help
226,gl the improve maps learn map performance j of mapbox js,Help
227,navigation progress along user information sdk learn use ios route,iOS
228,template style map create alter custom a,Help
229,unit measurement used view views map deprecated usage track formerly web,Help
230,under mouse the using elements feature queryrenderedfeatures show properties get map hovered pointer,Mapbox GL JS
231,data layer specific used rules layers styles subsets styling add,Help
232,controller use custom voice,iOS
233,timezone mapbox api finder tilequery with app create a,Help
234,mapbox the data with for microsoft choropleth power map create make bi visual a,Help
235,fragment 's user show location locationcomponent map use on a display,Android
236,mapbox fix image upload errors error learn troubleshooting studio in svg,Help
237,code examples vision sdk example ios,iOS
238,one interpolate ease layer change smoothly next zoom color level fade based building on uses expression,Mapbox GL JS
239,handlers toggle interaction map ui disable enable,Mapbox GL JS
240,data car congestion plugin use live traffic map real-time top display,Android
241,functionality geocoding region place country address location finding ui search add global world,Android
242,migrating +. earlier project v1.4 maps sdk v1 to guide versions 4 unity,Unity
243,weather image dark vector baselayer radar an add overlay,Mapbox GL JS
244,dragged annotation view views custom draggable,iOS
245,js code using application need build mapbox.js guide map walks store a locator,Help
246,add the icon runtime to map generated a,Mapbox GL JS
247,data boundary with boundaries v2 point-in-polygon tileset query mapbox,Help
248,button change various user runtime properties interaction based map styling situations,Android
249,gl with expression get learn expressions write started j mapbox js,Help
250,android plugins introduction overview,Android
251,documentation data-driven real changing maps sdk android feel look map styling time,Android
252,api add dynamically call point style derived points web interactive styled,iOS
253,documentation street reference streets tileset v8 mapbox,Vector tiles
254,navigation customize off-route sdk app android learn use detection route experience,Android
255,data managing application anything access tilesets styles related studio account tokens web mapbox,Help
256,mapbox apply tiles style classic raster designed studio map legacy use in a,iOS
257,raster add hillshading map adds,Mapbox GL JS
258,spatial library turf turf.js analysis javascript js,Help
259,data realtime move use live map symbol geojson add streams,Mapbox GL JS
260,layer source external service adding a map web add wms,Android
261,api adjust camera ischrone data info android seekbar retrieve isochrone use accordingly time slider display,Android
262,options option camera customize location locationcomponent map use behavior,Android
263,sometimes images tif file saving raster tiff format,Help
264,may tiles tile missing learn or map seeing blank,Help
265,maps sdk android gestures detecting gesture,Android
266,source frame line updating geojson animate a,Mapbox GL JS
267,documentation clicking within maps sdk android event read map moving events flinging,Android
268,work libraries application ’ learn integrate web javascript applications,Help
269,code examples android example working plugins,Android
270,adjust layer drag 's bar raster map seek top a opacity,Android
271,api one matrix times travel calculates many request points,Help
272,manage datasets studio create learn,Mapbox Studio manual
273,area prevent restrict panning different viewport place to map constraining an panned,iOS
274,scroll zooming zoom map prevents disable,Mapbox GL JS
275,statistic displayed interpret tracks learn usage statistics and page,Help
276,adjust position symbollayer text anchor fields,Android
277,image images source easily use map an display,Android
278,work sdks application mobile maps learn add,Help
279,maps sdk guides android tutorials get troubleshooting help started,Android
280,explorer provided data maps sdk example overview unity scene,Unity
281,value property within filter computing layout paint formula defines style map expression,Help
282,upload with indoor build map create floorplans floorplan mapbox,Help
283,linedistance measure using distanced click map distance create points turf lines,Mapbox GL JS
284,result beyond zoom extent zoomed tileset given overzoom,Help
285,control navigation zoom map obvious make controls display rotation,Mapbox GL JS
286,api documentation start examples tutorials help building references,Documentation
287,gl code examples example js,Mapbox GL JS
288,"gl using part point : markers to map 3 web clicked popups , add a interactivity js",Help
289,code examples maps sdk example ios,iOS
290,"containing part dataset point : new to map points create web , 1 add a",Help
291,atlas upgrade,Atlas
292,ids used vector identify tilesets raster map id,Help
293,manage learn account and setting settings management,Help
294,unit meters feet formula values convert use elevation,Mapbox Studio manual
295,camera control navigation fine sdk app click android learn map grain experience,Android
296,data provided source vector tile render third mapillary add a party,Mapbox GL JS
297,annotation android plugin,Android
298,directions direction show selected to map location based movement dotted route,Android
299,range zoom visible extent levels tileset,Help
300,area gl draw meters turf show use calculate drawn polygon square js,Mapbox GL JS
301,position camera fit bounding box view markers given in,Android
302,gl visualize data change with changes application build show map over time j mapbox js,Help
303,maps annotation sdk location map ios defined,Help
304,gl initialize element html map a display js,Mapbox GL JS
305,framer apps prototype with component x learn use map add in mapbox,Help
306,adjust change color extrusions location light and shined,Android
307,image clustered data property interval using images color point based to use cluster styling display,iOS
308,the with individual maps interacting sdk gestures map ios overview,iOS
309,experiment tools tool interactive,Help
310,data works detail hood extension flow visualization and,Geographic Analytics
311,examples example studio,Mapbox Studio manual
312,shift high position text labels priority stay variable allow use label map anchor placement,Mapbox GL JS
313,location-based provided maps sdk example location based scene overview unity game,Unity
314,gl vector maps tiles library introduction styles render interactive webgl uses javascript js,Mapbox GL JS
315,learn traffic data formatted format,Traffic Data
316,accounts account service apis overview,API
317,aligns raw gps map points match roads matching pathways,Android
318,vector features feature maps sdk map rendering overview unity,Unity
319,add js context data real with using analyze spatial turf example problems mapbox.js guide map walks and turf.js analysis solve world,Help
320,snapshot static object map create a,iOS
321,height 3d extrusions use building in display buildings,Mapbox GL JS
322,navigation feature sdk android inside reroute test,Android
323,data real for source using reality maps sdk toolset location based map building augmented virtual open mapbox unity applications,Help
324,progress offline map track an download pack,iOS
325,astronaut provided maps sdk version example location enhanced based unity game,Unity
326,official documentation data visualize much customize maps sdk introduction android app learn overview,Android
327,vision alert android introduction safety,Android
328,texturing maps sdk map styling overview unity buildings,Unity
329,io understanding measure size ’ app learn ios optimize framework,Help
330,extension started getting,Geographic Analytics
331,io iphone for source ipad maps devices sdk toolset map building mapping ios open mapbox applications,Help
332,context provides baselayer point map geographic serves starting,Help
333,libraries easily app introduction android location handle connectivity permissions device overview core,Android
334,data attribution maps stating two map created combination placed tools elements visual,Help
335,io the submission with for maps sdk app issues troubleshoot learn troubleshooting map built frequently seen ios store mapbox submitting applications,Help
336,customize application app style map styling ui and elements,iOS
337,video satellite baselayer play click raster map pause add top a,Mapbox GL JS
338,layer style render use custom webgl add a content,Mapbox GL JS
339,vision ios sdk introduction,iOS
340,data gpx gps receivers format created commonly exchange,Help
341,api hosted vector tiles tile single request tileset allows,Help
342,api specific geocoding receive information use request make geocode coordinates a,Android
343,learn browsers browser product support,Help
344,the canvas icon runtime generated to map animated an add,Mapbox GL JS
345,the image with place annotation point a map custom an on add mark,iOS
346,example ar overview tabletop,Unity
347,known ids used vector identify tilesets raster map tileset id previously,Help
348,svg upload icon map custom add a,Mapbox Studio manual
349,adjust layer satellite fade zoom level based raster opacity,Android
350,property using function categorically color style circle visualization categorical,Android
351,transition gl apps using mapbox.js to learn transitioning j mapbox from js,Help
352,gl the improve maps learn map performance j of mapbox js,Help
353,navigation progress along user information sdk learn use ios route,iOS
354,template style map create alter custom a,Help
355,unit measurement used view views map deprecated usage track formerly web,Help
356,under mouse the using elements feature queryrenderedfeatures show properties get map hovered pointer,Mapbox GL JS
357,data layer specific used rules layers styles subsets styling add,Help
358,controller use custom voice,iOS
359,timezone mapbox api finder tilequery with app create a,Help
360,gl with heatmap html a style markers custom make tooltips add j mapbox js,Help
361,draw parsing maps sdk file line polyline geojson a,Android
362,api tilequery vector features tiles retrieve playground,Help
363,served services data apis file map geojson web format,Help
364,"2 upload template part point : style to map studio create web icons tileset , custom add a",Help
365,for mobile maps sdk library managed map integrating native react apps community,Help
366,flyoptions using location fly to slowly flyto a,Mapbox GL JS
367,maps anonymous sensors process based moving create people telemetry,Help
368,one interpolate ease layer change smoothly next zoom color level fade based building on uses expression,Mapbox GL JS
369,code examples vision sdk example ios,iOS
370,handlers toggle interaction map ui disable enable,Mapbox GL JS
371,data car congestion plugin use live traffic map real-time top display,Android
372,functionality geocoding region place country address location finding ui search add global world,Android
373,migrating +. earlier project v1.4 maps sdk v1 to guide versions 4 unity,Unity
374,weather image dark vector baselayer radar an add overlay,Mapbox GL JS
375,destination add custom marker,iOS
376,data large for with files view file manage scale learn studio make tippecanoe big independent mapbox,Help
377,dynamically data-driven layer data style circle styling driven,iOS
378,generation navigation routes sdk android learn generate use ui route,Android
379,provided world-scale maps ar example sdk scale overview unity world,Unity
380,parse data python csv files example learn use traffic manipulate,Traffic Data
381,code nearest need build sort location guide by distance walks search lets store locator,Help
382,property data-driven data with color style line visualization creating expression a,Mapbox GL JS
383,general configuration tableau using maps style use tips custom guidance in mapbox,Help
384,the using a map clicked flyto events symbol on center,Mapbox GL JS
385,applications services monthly within accessed number user mau active month given users,Help
386,code road real requires discover android plugin two map traffic time lines display,Android
387,image images containing annotation annotations view views and add multiple,iOS
388,api datasets remove features dataset update read create allows,Help
389,data visualize effect china point example driven use lapse rainfall styling time,Android
390,below precise layer using second argument new label addlayer add a,Mapbox GL JS
391,api datasets using dataset related use requests make id,Help
392,replace provided features maps feature sdk example overview unity scene,Unity
393,official documentation api tilequery sdk java,Android
394,dynamically layer source style line polyline geojson add a from,iOS
395,data vector height 3d extrusions based use building on imported display,Android
396,navigation shows using different navigationmaproute styles map route,Android
397,layer satellite style map base use,iOS
398,library mapbox.js map website interactive add allows javascript js,Help
399,circles set layer property data radii based circle radius,Android
400,speeding alert display vehicle,Android
401,ios plugin china introduction brief,iOS
402,documentation vector reference introduction maintained tilesets,Vector tiles
403,data works learn studio uploading geospatial,Mapbox Studio manual
404,used build language styles classic studio cartocss,Help
405,destination add custom marker,iOS
406,data large for with files view file manage scale learn studio make tippecanoe big independent mapbox,Help
407,dynamically data-driven layer data style circle styling driven,iOS
408,generation navigation routes sdk android learn generate use ui route,Android
409,provided world-scale maps ar example sdk scale overview unity world,Unity
410,parse data python csv files example learn use traffic manipulate,Traffic Data
411,code nearest need build sort location guide by distance walks search lets store locator,Help
412,property data-driven data with color style line visualization creating expression a,Mapbox GL JS
413,general configuration tableau using maps style use tips custom guidance in mapbox,Help
414,fill water something render surface create moving transparent background,Android
415,api optimized provided duration returns optimization coordinates input route,Help
416,"window layer data symbollayer show info "". use icons symbol bubblelayout",Android
417,bathymetry data water show depth use styling driven display,Android
418,draw vector maps sdk map polygon a,Android
419,marker specific picker drop location reverse geocoding perform,Android
420,the using a map clicked flyto events symbol on center,Mapbox GL JS
421,applications services monthly within accessed number user mau active month given users,Help
422,code road real requires discover android plugin two map traffic time lines display,Android
423,image images containing annotation annotations view views and add multiple,iOS
424,api datasets remove features dataset update read create allows,Help
425,data visualize effect china point example driven use lapse rainfall styling time,Android
426,fill set layer change 's using color a,Android
427,bound bounds the fit linestring last extend first get include to passing chaining lnglatbounds coordinates of a,Mapbox GL JS
428,layer 3d a style to map studio building add mapbox,Help
429,fill layer polygon style type geojson add a,Mapbox GL JS
430,the current locate using user geolocatecontrol geolocate location map track,Mapbox GL JS
431,documentation v2 reference tileset terrain mapbox,Vector tiles
432,practices formatting address guide addresses follow best geocoding format,Help
433,data using maps sdk styles map custom overview unity,Unity
434,practices collaborating practice learn account collaboration best setting projects,Help
435,static false non-interactive map create interactive setting a display,Mapbox GL JS
436,markerview docs customize android view markers based quickly read map plugin add,Android
437,typing layer within filter features feature vector tile view move map viewable query input,Mapbox GL JS
438,map service overview apis maps,API
439,current for tracking receive android updates location map device display,Help
440,the navigation sdk carplay learn use support ios in,iOS
441,area box bounding describing map particular mechanism,Help
442,provided simulator maps sdk example city overview unity scene,Unity
443,navigation voice text used instructions sdk maneuver android milestones learn custom trigger ui instruction core default,Android
444,see camera with change rotate 3d tilt building and around device buildings,Android
445,gl displayed dropdown with function customize menu html use render custom geocoder rendering a,Mapbox GL JS
446,attribution learn built add required applications,Help
447,collaborative project openstreetmap creates worldwide base map mapping,Help
448,count bounding box feature get inside highlight buildings,Android
449,satellite baselayer raster map a display,Mapbox GL JS
450,reducing sources source limit number style styles read studio tileset strategies in mapbox,Help
451,documentation layer offical quick show plugin android location map device steps,Android
452,local data with join vector merging tile geometry choropleth json style geometries,Mapbox GL JS
453,source vector tile map add a,Mapbox GL JS
454,started atlas introduction get,Atlas
455,layer geojson click selected single highlight on polygon,Android
456,navigation functionality provides offline sdk android environments connected non routing,Android
457,mapbox apply maps sdk style use designed studio created ios in a,iOS
458,documentation v5 street reference streets tileset mapbox,Vector tiles
459,interaction based interactions map recyclerview manipulate,Android
460,the override customize user annotation location default,iOS
461,containing user information show click popup clicks on polygon,Mapbox GL JS
462,toggling value property data set filter based by symbols symbol a list,Mapbox GL JS
463,source line animated polyline geojson add animate a,iOS
464,across resolve troubleshooting products issues common,Help
465,marker specific coordinate representation map visual,Help
466,navigate region delete offline view download manager,Android
467,atlas legacy,Atlas
468,showcase data directions direction traffic and,Unity
469,adjust layer drag 's range raster map slider top a opacity,Mapbox GL JS
470,navigation within source provides mobile sdk toolset turn integrating open mapbox applications,Help
471,desktop application styles classic studio designing mapbox,Help
472,for source maps devices sdk android toolset map building mapping open mapbox applications,Help
473,api libraries programming application software interact specification interface,Help
474,api gl affect control using results parameters geocoder use places search geocoding check add playground query a explore,Mapbox GL JS
475,code examples navigation sdk example android,Android
476,developing vision testing sdk strategies development and overview,Android
477,local url load locally or style raster via json custom map file stored,Android
478,image aerial take georeferenced imagery get non map help historical qgis onto georeference,Help
479,product atlas other with use products mapbox,Atlas
480,statistic result understand monthly invoice invoices inconsistency inconsistencies might statistics and situations page in,Help
481,error errors cors learn address,Help
482,text for customize expressions single use label studio alter a,Help
483,code examples maps sdk example android,Android
484,one load with icon provide missing style failed,Android
485,data satellite using webpage tool imagery process learn raster line command processing rasterio find publish,Help
486,api within reachable features areas specified show location isochrone line request time polygon allows amount,Help
487,dynamic context visualizations features maps user runtime interaction use create styling respond,iOS
488,current toggle fullscreen mode view map a,Mapbox GL JS
489,blocks provides learn create custom building mapping overview applications,Help
490,boundaries boundary with get v1 tileset started mapbox,Help
491,dependency atlas install dependencies,Atlas
492,api vector delete tilejson metadata tilesets retrieve raster allows list,Help
493,snake directions rather direction origin destination showing snaking route,Android
494,pixel the mouse position coordinate latitude get hover longitude pointer coordinates of showing,Mapbox GL JS
495,io practices for overivew maps design map use best ios designing,iOS
496,learn openlayers use mapbox with,Help
497,official documentation api sdk isochrone java,Android
498,style add layer a heatmap,Mapbox Studio manual
499,containing user information show popup hover symbol on a display hovers,Mapbox GL JS
500,apis service overview search,API
501,using depending tolerance utility amount making reduces polyline coordinates simplify a polylines,Android
502,data-driven data spatial properties style based styling driven allows,Help
503,symbollayer using listen icon listeners annotation interaction plugin built symbol listener,Android
504,fix csv errors files file error learn uploading,Help
505,collection data grid vector zoom 22 tiles preset uniform raster levels tileset square broken,Help
506,engine profile set optimal uses rules two points routing find route,Help
507,plugin android localization,Android
508,arrives waypoint message user screen arrival display,iOS
509,learn elevation tilesets data access,Help
510,api work fill see navigation apis parameters search playground,API Playground
511,extension the configure,Geographic Analytics
512,fragment gaming great link larger interaction show map two inset smaller,Android
513,draw vector maps annotation sdk polygon map ios add a,iOS
514,pixel efficiently data based raster surfaces rasters represent format continuous,Help
515,generation navigation routes sdk learn generate use ios route,iOS
516,data upload source find country style single studio open a,Help
517,troubleshoot how access regain learn to lockout account scenarios your common,Help
518,io apps protect source used private android access learn keep others token and tokens open in,Help
519,articles maps sdk troubleshooting help ios,iOS
520,download atlas install set,Atlas
521,online basemap arcgis a style map studio add in mapbox,Help
522,speeding alert display vehicle,iOS
523,collection layer within stack individual style font belong fonts,Help
524,tilesets mbtiles format storing file,Help
525,fix image images with troubleshoot backgrounds learn black raster background display,Help
526,io the pin placing with for maps getting sdk walk first screen map installing step ios mapbox,Help
527,gl understand including relationship interact tile billing views map usage requests loads playground units j mapbox js,Help
528,attribution maps sdk learn use add unity applications,Unity
529,count using estimator number region maps tiles tile offline sdk android estimate download ios required mapbox,Help
530,set text change language automatically plugin to map use label device,Android
531,gl data source supplies maps shown use,Help
532,api gl results directions direction plugin show click destination map use origin driving add display,Mapbox GL JS
533,leaflet source library basis forms mapping web open js,Help
534,navigationview fragment implemented with,Android
535,messages data upload uploads interpret troubleshoot error to learn failed mapbox prepare,Help
536,mapbox general the with using configuration microsoft power tips integrate bi guidance visual,Help
537,local uses text labels language country expression style label and rich format display english,Mapbox GL JS
538,using effect feature states hover per create events a,Mapbox GL JS
539,marker code recreate specific application android view map platform native react playground ios add web,Help
540,visualize layer using heatmap data earthquake create a,iOS
541,gl visualize style use points create built cluster clusters and functions js,Mapbox GL JS
542,image data source changes show use lapse time runnable,Android
543,set data height heights driven to use styling geojson extrusion,Android
544,url reference style studio created allows,Help
545,region limited network offline conditions connection use map and pack defined available,Help
546,set icon designers map maki developed,Help
547,unit physical expressed e etc ). miles define g use generate circle kilometers turf units in a radius,Android
548,line geojson add a map,Mapbox GL JS
549,hole outlined region outline revealed highlight polygon,Android
550,navigation for application build app android integrate a,Help
551,conversion point screen location convert geographic coordinates,iOS
552,the control navigate with move map like around game-like controls game,Mapbox GL JS
553,application works maps sdk get learn use building started unity applications,Help
554,api debug errors feature troubleshoot tilesets error beta learn common,Help
555,zoom bar level scale based distance add determine,Android
556,accounts transfer between style learn styles account,Help
557,style document map appearance defines visual,Help
558,api far visualize using within allows drive users isochrone create amount with app walk time could started web the bike get given,Help
559,layer source external service adding a map web add wms,Mapbox GL JS
560,mobile maps map label web placement optimize,Help
561,documentation v7 street reference streets tileset mapbox,Vector tiles
562,maps expression sdk android,Android
563,application maps 3d sdk top map use create visualization terrain in a unity buildings,Help
564,io the data using with for ios sdk get styles based map attribute create circle started expression mapbox,Help
565,run atlas,Atlas
566,navigation progress along user sdk information android learn use ui route,Android
567,change 's another style map switch a,Mapbox GL JS
568,official documentation navigation sdk android introduction overview,Android
569,api pairs matrix coordinate source element used destination request elements mapbox,Help
570,outline layer building show query,Android
571,navigation view drop create ui experience,Android
572,service navigation overview apis,API
573,web services introduction apis,API
